{
  "N": 48,
  "K": 24,
  "R": 3,
  "r0": 0.2,
  "ring_offsets": [
    0.0,
    0.016,
    0.032
  ],
  "z_layers": [
    -0.32583333333333336,
    -0.29750000000000004,
    -0.26916666666666667,
    -0.24083333333333334,
    -0.21250000000000002,
    -0.18416666666666667,
    -0.15583333333333335,
    -0.1275,
    -0.09916666666666668,
    -0.07083333333333336,
    -0.04249999999999998,
    -0.01416666666666666,
    0.01416666666666666,
    0.04249999999999998,
    0.07083333333333336,
    0.09916666666666668,
    0.1275,
    0.15583333333333332,
    0.18416666666666665,
    0.21249999999999997,
    0.2408333333333334,
    0.2691666666666667,
    0.29750000000000004,
    0.32583333333333336
  ],
  "Lz": 0.68,
  "dz": 0.028333333333333335,
  "phi0": -1.5707963267948966,
  "m0": 1.0,
  "roi_r": 0.14,
  "roi_step": 0.01,
  "plane_r": 0.14,
  "plane_step": 0.001,
  "fixed_center_idxs": [
    11,
    12
  ],
  "lower_var_idxs": [
    0,
    1,
    2,
    3,
    4,
    5,
    6,
    7,
    8,
    9,
    10
  ],
  "upper_var_idxs": [
    23,
    22,
    21,
    20,
    19,
    18,
    17,
    16,
    15,
    14,
    13
  ],
  "scipy_result": {
    "success": false,
    "status": 1,
    "message": "Maximum number of iterations has been exceeded.",
    "nit": 1200,
    "nfev": 1274,
    "njev": -1
  }
}